{
  "format_version": "1.20.0",
  "minecraft:dialogue": {
    "scenes": {
      "veinminer:config": {
        "text": "Cài đặt VeinMiner:\nChọn loại block và số lượng tối đa.",
        "commands": [
          { "text": "Chọn loại block", "command": "setblock" },
          { "text": "Tăng tối đa", "command": "increasemax" },
          { "text": "Giảm tối đa", "command": "decreasemax" },
          { "text": "Đóng", "command": "close" }
        ]
      },
      "veinminer:selectblock": {
        "text": "Chọn loại block để veinmine",
        "commands": [
          { "text": "Quặng", "command": "ore" },
          { "text": "Log", "command": "log" },
          { "text": "Đá", "command": "stone" },
          { "text": "Cát", "command": "sand" },
          { "text": "Sỏi", "command": "gravel" },
          { "text": "Quay lại", "command": "back" }
        ]
      }
    }
  }
}